{
    "video_filename": "N2-2_2019-07-29-133409-0000-2.avi",
    "start_frame": 0,
    "limit_images_to": 600,
    "fps": 20.0,
    "px_to_mm": 0.04,
    "darkfield": false,
    "stop_after_example_output": false,
    "save_as": "Demo-data",
    "output_overlayed_images": 3,
    "font_size": 8,
    "fig_size": [
        20,
        20
    ],
    "scale_bar_size": 1.0,
    "scale_bar_thickness": 7,
    "use_images": 100,
    "use_around": 5,
    "Z_skip_images": 1,
    "keep_dead_method": false,
    "std_px": 64,
    "threshold": 9,
    "opening": 1,
    "closing": 3,
    "skeletonize": true,
    "prune_size": 0,
    "do_full_prune": true,
    "min_size": 25,
    "max_size": 120,
    "minimum_ecc": 0.9,
    "max_dist_move": 10,
    "min_track_length": 50,
    "memory": 5,
    "bend_threshold": 2.1,
    "minimum_bends": 0.0,
    "frames_to_estimate_velocity": 3,
    "maximum_bpm": 0.5,
    "maximum_velocity": 0.1,
    "regions": {
        "": {
            "y": [
                377.3678756476688,
                145.2435233160627,
                105.45077720207291,
                536.5388601036273,
                891.3575129533681,
                1471.6683937823836,
                1833.119170984456,
                1756.8497409326426,
                1498.1968911917102,
                1077.056994818653,
                682.4455958549227,
                519.9585492227982
            ],
            "x": [
                274.0725388601038,
                675.316062176166,
                1205.8860103626944,
                1733.1398963730571,
                1845.8860103626944,
                1696.6632124352332,
                1222.4663212435232,
                615.6269430051814,
                293.9689119170987,
                118.21761658031107,
                78.42487046632152,
                184.53886010362714
            ]
        }
    },
    "lower": 0,
    "upper": 100,
    "use_average": false,
    "cutoff_filter": true,
    "extra_filter": true,
    "Bends_max": 20.0,
    "Speed_max": 0.035
}